1,Tye,Bessey,tbessey0@1und1.de,O1msONGSwhB
2,Caressa,Bowkett,cbowkett1@acquirethisname.com,8BVjgW
3,Libby,Hakonsson,lhakonsson2@theguardian.com,c1ntY1
4,Elnora,MacKowle,emackowle3@sbwire.com,p0riVreY0C5G
5,Yul,Bailes,ybailes4@patch.com,8IKuXGewCfy
6,Chariot,Wethered,cwethered5@gizmodo.com,ifJhBzhCbf
7,Emmey,Heynel,eheynel6@bloglovin.com,9R1SRNnL
8,Brad,Gillatt,bgillatt7@imageshack.us,Vq5by3waU2b
9,Brigit,Tangye,btangye8@phoca.cz,xqvWP2nHgG
10,Nicolai,Everil,neveril9@joomla.org,C17ceDUrqO
11,Izabel,Elleyne,ielleynea@alexa.com,11n202
12,Tremain,Innot,tinnotb@hhs.gov,zw4PM1kk
13,Corrianne,Farfalameev,cfarfalameevc@earthlink.net,9JUopY1KA
14,Mandi,Borghese,mborghesed@github.com,AfcGudchWd
15,Hermon,Merle,hmerlee@miitbeian.gov.cn,ruFVltxbas8
16,Meryl,Thompsett,mthompsettf@ft.com,7ABGRYnHbuOK
17,Cesare,Barkus,cbarkusg@psu.edu,cRB9f38JveW
18,Mohandas,Cotgrove,mcotgroveh@cbslocal.com,o1DnTPV9L
19,Addy,Bang,abangi@mozilla.org,3bbyZ8Ej1D
20,Dennie,Inseal,dinsealj@youku.com,cydiMg
21,Tierney,Argo,targok@ftc.gov,BBodBvTGdDc7
22,Etienne,Walbrun,ewalbrunl@rambler.ru,d4Bg62uIXot5
23,Georgeanne,Jonson,gjonsonm@lycos.com,ARghJMnw2l9j
24,Charity,Offiler,coffilern@youtu.be,nfcn4vhr4
25,Berke,Kitchingman,bkitchingmano@com.com,42796ADMcY
26,Gerry,McWhinnie,gmcwhinniep@github.com,ReVg3iU
27,Uta,Hollingshead,uhollingsheadq@posterous.com,vsnqHFktEpF
28,Tilly,Haskell,thaskellr@chron.com,FwShIzHF5
29,Janos,Bullier,jbulliers@intel.com,4tpaicFa
30,Fabien,Pala,fpalat@issuu.com,LDxC5JpyW1
31,Tracy,Cortese,tcorteseu@digg.com,wNGxXMzEO3XR
32,Margeaux,Corris,mcorrisv@go.com,FS4fz33DFBG
33,Ulysses,Stukings,ustukingsw@ask.com,SjVD8H5yhW
34,Lanie,Richings,lrichingsx@ucsd.edu,EwuSXpKfi
35,Paulita,Fellman,pfellmany@angelfire.com,WlioWmA
36,Liane,Rice,lricez@hc360.com,Cm1MMQUJ3ms
37,Burg,Strike,bstrike10@unc.edu,kazs700k
38,Wendeline,Lavis,wlavis11@netscape.com,wzXZIVfPe9xN
39,Lanae,Daniaud,ldaniaud12@bloglovin.com,qppf9N
40,Bartholemy,Finlater,bfinlater13@wikispaces.com,0RF1MfrN
41,Tallulah,Riste,triste14@twitpic.com,UMCt0n
42,Jaymee,Stilwell,jstilwell15@webmd.com,E3RNndRi
43,Katheryn,Goricke,kgoricke16@yolasite.com,Je41F4dfUE5w
44,Nealson,Haskew,nhaskew17@cnet.com,0JhNnh4sV5a
45,Cynthia,Ife,cife18@blog.com,AMx7y8D
46,Lambert,Bowton,lbowton19@usa.gov,rSWZWa6e
47,Wilbur,Wiz,wwiz1a@skype.com,MpAyRDN9DXCO
48,Alix,Poizer,apoizer1b@google.es,YC9a1i54KOWj
49,Zed,Temperley,ztemperley1c@sciencedirect.com,OdYpeVZotPO
50,Harrietta,Crankhorn,hcrankhorn1d@privacy.gov.au,RmNOufI0
51,Dorthy,Hinkes,dhinkes1e@bigcartel.com,ICuSuiBF66wZ
52,Wash,Tomblings,wtomblings1f@msn.com,0SdeUyJx0
53,Dredi,Reynard,dreynard1g@icq.com,9gbJ1X5cCI
54,Adena,Cotty,acotty1h@princeton.edu,ZRdf8vc
55,See,Foakes,sfoakes1i@answers.com,lGmg5Bqm
56,Morganne,Lighterness,mlighterness1j@cornell.edu,lb33FoI6zI
57,Lionel,Brazelton,lbrazelton1k@accuweather.com,617RtZ95R1M
58,Pierson,Coleborn,pcoleborn1l@goo.ne.jp,wpeggkmQf
59,Bridie,Oldknowe,boldknowe1m@timesonline.co.uk,ETLTuf
60,Stephanus,Dawkes,sdawkes1n@yahoo.com,gV2AyKL
61,Bettina,Bramo,bbramo1o@tuttocitta.it,Dmg801gE
62,Kippy,Wanley,kwanley1p@storify.com,k4bKXizXnxr
63,Marmaduke,Korbmaker,mkorbmaker1q@moonfruit.com,xV6VQj6
64,King,Ledrun,kledrun1r@icq.com,QN2VyAmryX2
65,Lewie,Khomin,lkhomin1s@huffingtonpost.com,mI2nyibkGR
66,Drucy,Danett,ddanett1t@tinypic.com,dbOKGISsmJE
67,Demetris,Ough,dough1u@cdc.gov,TQtuagcpxzx5
68,Hakim,Beadle,hbeadle1v@fda.gov,LE7jXVNdSKHZ
69,Tania,Attril,tattril1w@pagesperso-orange.fr,8EHhgshTn
70,Kendre,Dimanche,kdimanche1x@europa.eu,WpBlV4JzOsbJ
71,Jeffry,Ringe,jringe1y@wikipedia.org,SzE7XD5
72,Thaine,Gherardelli,tgherardelli1z@weebly.com,GlztVsSf4jV4
73,Nikkie,Quilligan,nquilligan20@nsw.gov.au,iGGqcXJKJ
74,Gustav,Snowding,gsnowding21@hhs.gov,SGIf9J0
75,Omar,Braine,obraine22@indiatimes.com,uEHEIKTW
76,Alex,Crocumbe,acrocumbe23@cisco.com,J1AAI5ymcme
77,Crosby,Vickerman,cvickerman24@goo.ne.jp,vOtmjWPt8wj
78,Rowen,Bowerman,rbowerman25@slate.com,C3RZ5bD5
79,Lurleen,Rozycki,lrozycki26@webeden.co.uk,jpMIyLU05gA
80,Dusty,Clubb,dclubb27@geocities.com,RqYjzH
81,Anni,Anshell,aanshell28@cdc.gov,YOq5w9Jd8Hj
82,Brit,Brockherst,bbrockherst29@intel.com,6OFFP3OrDiOI
83,Geoffrey,MacDowall,gmacdowall2a@google.es,JeQZybU
84,Steffane,Ilchuk,silchuk2b@businesswire.com,6fpwe3w
85,Cecil,Kurton,ckurton2c@kickstarter.com,5FTrFg
86,Garald,Boichat,gboichat2d@google.com,DA2b2aNCmaXH
87,Yolande,Orringe,yorringe2e@unesco.org,hcw0RcGBfFDg
88,Christophe,Iscowitz,ciscowitz2f@odnoklassniki.ru,1sg79O
89,Nikolia,Hards,nhards2g@scribd.com,6kv1E6W
90,Tommi,Syme,tsyme2h@soundcloud.com,8ex4b7HFPh
91,Mada,Jakubski,mjakubski2i@hud.gov,XPz08nr1v
92,Artus,Howsego,ahowsego2j@imdb.com,0IuVWZo
93,Reba,Kincla,rkincla2k@merriam-webster.com,jZd2YYBTRe
94,Noah,MacConnulty,nmacconnulty2l@hexun.com,QBkr94hoYkiC
95,Holt,Beston,hbeston2m@twitpic.com,xWj3oLO
96,Percival,Danielli,pdanielli2n@economist.com,EiwO2Xjt20
97,Isadore,Abrehart,iabrehart2o@nyu.edu,HdZj08venfi
98,Tommy,Arundell,tarundell2p@behance.net,N96q2XGhx52z
99,Aloysius,Durak,adurak2q@illinois.edu,DjNwaPj
100,Chariot,Scriven,cscriven2r@intel.com,LIUhyEJZdft
